query,intent
weather Goa,weather
temperature in Goa,weather
Goa weather forecast,weather
how is weather in Goa,weather
Goa climate today,weather
weather Goa tomorrow,weather
buy iPhone 15,shopping
iPhone 15 price,shopping
best iPhone to buy,shopping
iPhone 15 Pro Max,shopping
iPhone deals online,shopping
cheap iPhone 15,shopping
book flight to Delhi,travel
Delhi to Mumbai flights,travel
cheap flights booking,travel
flight tickets online,travel
best flights to Delhi,travel
pizza recipe,food
how to make pizza,food
pizza ingredients,food
homemade pizza recipe,food
pizza cooking tips,food
learn Python programming,coding
Python tutorial,coding
Python for beginners,coding
Python course online,coding
best Python resources,coding
how to install Python,coding
best movies 2024,entertainment
top movies to watch,entertainment
new movie releases,entertainment
Hollywood movies list,entertainment
Bollywood movies 2024,entertainment
how to lose weight fast,health
weight loss tips,health
healthy diet plan,health
best exercise for weight loss,health
weight loss diet,health
apply for passport,government
passport application form,government
track passport status,government
passport renewal online,government
how to get passport,government
open bank account,banking
online banking login,banking
best savings account,banking
how to transfer money,banking
bank account types,banking
covid 19 symptoms,health
coronavirus update,health
covid treatment,health
covid vaccine registration,health
corona testing center,health
install Windows 11,technology
Windows 11 requirements,technology
how to update Windows,technology
Windows 11 features,technology
Windows troubleshooting,technology
what is machine learning,education
AI vs machine learning,education
deep learning explained,education
best ML courses,education
learn artificial intelligence,education
restaurants near me,local
best restaurants city,local
food delivery near me,local
Italian restaurant,local
cafe nearby,local
car insurance quote,insurance
best car insurance,insurance
insurance premium calculator,insurance
two wheeler insurance,insurance
health insurance plans,insurance
hotels in Goa,travel
Goa beach resorts,travel
cheap hotels booking,travel
best Goa hotels,travel
resort booking Goa,travel
how to cook rice,food
rice recipe Indian,food
best rice dishes,food
cooking tips rice,food
rice preparation,food
React js tutorial,coding
learn React Native,coding
React vs Angular,coding
React hooks explained,coding
React js examples,coding
download movies free,entertainment
watch movies online free,entertainment
best movie streaming sites,entertainment
latest Hollywood movies,entertainment
top rated movies,entertainment
how to meditation,health
meditation benefits,health
meditation techniques,health
mindfulness practice,health
stress relief meditation,health
pay electricity bill,billing
online bill payment,billing
water bill payment,billing
mobile recharge online,billing
DTH recharge,billing
how to start business,career
startup business ideas,career
small business tips,career
entrepreneurship guide,career
best business to start,career
weather Mumbai,weather
Mumbai temperature,weather
Mumbai weather forecast,weather
climate in Mumbai,weather
rain in Mumbai,weather
buy laptop online,shopping
best laptop 2024,shopping
laptop price comparison,shopping
gaming laptop,shopping
laptop deals,shopping
train ticket booking,travel
book train tickets,travel
IRCTC online booking,travel
train schedule,travel
PNR status check,travel
chicken biryani recipe,food
biryani cooking,food
biryani ingredients,food
how to make biryani,food
Hyderabadi biryani,food
JavaScript tutorial,coding
learn JavaScript,coding
JavaScript for beginners,coding
JS frameworks,coding
JavaScript examples,coding
new songs 2024,entertainment
latest music hits,entertainment
top songs playlist,entertainment
Bollywood songs,entertainment
English songs 2024,entertainment
diabetes symptoms,health
diabetes treatment,health
blood sugar normal range,health
diabetes diet plan,health
prevent diabetes,health
Aadhaar card apply,government
Aadhaar registration,government
update Aadhaar details,government
Aadhaar PVC card,government
Aadhaar verification,government
create bank account,banking
digital banking,banking
online account opening,banking
zero balance account,banking
credit card apply,insurance
credit card benefits,insurance
best credit cards,insurance
credit card rewards,insurance
credit score check,insurance
cold cough home remedy,health
flu treatment,health
fever home remedy,health
cold relief tips,health
stay healthy tips,health
how to learn coding,coding
best coding languages,coding
coding for kids,coding
coding career path,coding
free coding courses,coding
sushi recipe,food
how to make sushi,food
sushi ingredients,food
Japanese food recipes,food
sushi rolling tips,food
best Netflix shows,entertainment
top web series 2024,entertainment
Amazon Prime series,entertainment
popular TV shows,entertainment
must watch series,entertainment
how to do yoga,health
yoga poses for beginners,health
yoga benefits,health
daily yoga routine,health
yoga for stress relief,health
München Wetter,weather
Wetter in Berlin,weather
Temperatur heute,weather
Wettervorhersage,weather
Klimadaten München,weather
acheter iPhone,shopping
prix iPhone 15,shopping
meilleur smartphone,shopping
offres iPhone,shopping
achats en ligne,shopping
vols pas chers,travel
réserver vol,travel
billets avion,travel
voyage pas cher,travel
meilleure période voyager,travel
ricette pizza,food
come fare pizza,food
ingredienti pizza,food
pizza fatta in casa,food
pizza ricetta italiana,food
Python lernen,coding
Python Programmierung,coding
Python Kurs,coding
Python für Anfänger,coding
Python Tutorial Deutsch,coding
mejores películas,entertainment
ver películas gratis,entertainment
nuevas películas 2024,entertainment
series populares,entertainment
Netflix mejores series,entertainment
cómo perder peso,health
dietas para adelgazar,health
ejercicios para bajar peso,health
consejos salud,health
alimentación saludable,health
hacer passport,government
solicitar pasaporte,government
renovar passport,government
estado passport,government
trámites pasaporte,government
cuenta bancaria,banking
abrir cuenta,banking
banco en línea,banking
transferencia bancaria,banking
mejor banco,banking
météo Paris,weather
prévision météo,weather
température Paris,weather
météo demain,weather
climat France,weather
acheter ordi portable,shopping
meilleur laptop,shopping
prix ordinateur,shopping
promotions tech,shopping
achats technologiques,shopping
réservation hotel,travel
meilleurs hôtels,travel
voyage organisé,travel
billets train,travel
vacances pas cher,travel
recette pâtes,food
cuisine italienne,food
pâtes italiennes,food
recettes facile pasta,food
comment faire pâtes,food
apprendre JavaScript,coding
tutoriel JavaScript,coding
cours JavaScript,coding
développement web,coding
JS gratuit,coding
films récents,entertainment
nouveaux films,entertainment
regarder films,entertainment
séries Netflix,entertainment
divertissement 2024,entertainment
remède rhume,health
grippe traitement,health
santé hivernel,health
bien manger,health
conseils santé,health
apply Voter ID,government
Voter registration,government
election card,government
voter ID status,government
Voter list,government
SBI account,banking
HDFC banking,banking
ICICI bank,banking
bank balance check,banking
mini statement,banking